0001,[C/C++基礎]-雙層結構初始化,http://jashliao.pixnet.net/blog/post/14348085
0002,[C/C++基礎]-判斷是否為閏年,http://jashliao.pixnet.net/blog/post/14415251
0003,[C/C++基礎]- DWORD型態轉字串(字元陣列) base on VC6,http://jashliao.pixnet.net/blog/post/14431381
0004,[C/C++基礎]-判斷輸入數字是否為質數,http://jashliao.pixnet.net/blog/post/14510913
0005,[C/C++基礎]-函數指標介紹,http://jashliao.pixnet.net/blog/post/14533073
0006,[C/C++基礎]-二維陣列轉一維陣列,http://jashliao.pixnet.net/blog/post/14595467
0007,[C/C++基礎]- 二維陣列傳遞與二維轉一維技巧,http://jashliao.pixnet.net/blog/post/14611665
0008,[C/C++基礎]- 實現動態配二維陣列和傳遞動態的二維陣列,http://jashliao.pixnet.net/blog/post/14702409
0009,[C/C++基礎]- 利用遞迴方式求最大公因數和求其最小公倍數,http://jashliao.pixnet.net/blog/post/14703535
0010,[C/C++基礎]- 純C++動態配置字串陣列利用結構實現,http://jashliao.pixnet.net/blog/post/14806931
0011,[C/C++基礎]- 純C中序轉後序與純C後序求值,http://jashliao.pixnet.net/blog/post/14833589
0012,[C/C++基礎]- 動態配置類別/物件記憶體,http://jashliao.pixnet.net/blog/post/14895659
0013,[C/C++基礎]- While_解決處理當使用scanf時因使用者輸入型態不符時的問題,http://jashliao.pixnet.net/blog/post/14900883
0014,[C/C++基礎]- 利用標準C++工具開發簡易數學直譯器,http://jashliao.pixnet.net/blog/post/15090031
0015,[C/C++基礎]- 利用純動態配置記憶體建立動態字串陣列與攔截所有錯誤test_try_catch,http://jashliao.pixnet.net/blog/post/15099935
0016,[VC(Visual C++)]- VC與組合語言混合開發,http://jashliao.pixnet.net/blog/post/15183437
0017,[C/C++基礎]-猜數字遊戲,http://jashliao.pixnet.net/blog/post/15189367